{
  "error_mean": {
    "mean": 0.0,
    "std": 0.0,
    "min": 0.0,
    "max": 0.0,
    "p01": 0.0,
    "p99": 0.0
  },
  "error_std": {
    "mean": 0.0008708364905817588,
    "std": 2.107446001628692e-05,
    "min": 0.0008034186861848521,
    "max": 0.0008893029370402494,
    "p01": 0.0008152225931222703,
    "p99": 0.0008893029370402494
  },
  "error_max": {
    "mean": 0.0017416729811635175,
    "std": 4.214892003257384e-05,
    "min": 0.0016068373723697041,
    "max": 0.001778605874080499,
    "p01": 0.0016304451862445405,
    "p99": 0.001778605874080499
  },
  "error_p99": {
    "mean": 0.0016545893321053419,
    "std": 4.004147403094519e-05,
    "min": 0.0015264955037512188,
    "max": 0.001689675580376474,
    "p01": 0.0015489229269323133,
    "p99": 0.001689675580376474
  },
  "resolution_bits_max": {
    "mean": 16.657593156491583,
    "std": 0.035353005717341866,
    "min": 16.626890525532314,
    "max": 16.773413459413952,
    "p01": 16.626890525532314,
    "p99": 16.752522688745017
  },
  "resolution_bits_p99": {
    "mean": 16.70759315649158,
    "std": 0.035353005717341866,
    "min": 16.676890525532315,
    "max": 16.823413459413953,
    "p01": 16.676890525532315,
    "p99": 16.802522688745015
  }
}