{
  "error_mean": {
    "mean": 0.0,
    "std": 0.0,
    "min": 0.0,
    "max": 0.0,
    "p01": 0.0,
    "p99": 0.0
  },
  "error_std": {
    "mean": 0.001423907863202471,
    "std": 5.980658494112107e-05,
    "min": 0.001139249539126315,
    "max": 0.0014787751050102998,
    "p01": 0.0012421307881172639,
    "p99": 0.0014787751050102998
  },
  "error_max": {
    "mean": 0.002847815726404942,
    "std": 0.00011961316988224214,
    "min": 0.00227849907825263,
    "max": 0.0029575502100205996,
    "p01": 0.0024842615762345277,
    "p99": 0.0029575502100205996
  },
  "error_p99": {
    "mean": 0.0027054249400846942,
    "std": 0.00011363251138812997,
    "min": 0.002164574124339998,
    "max": 0.0028096726995195695,
    "p01": 0.0023600484974228013,
    "p99": 0.0028096726995195695
  },
  "resolution_bits_max": {
    "mean": 15.94914255399552,
    "std": 0.06377975813731568,
    "min": 15.893234719735968,
    "max": 16.269553594060465,
    "p01": 15.893234719735968,
    "p99": 16.149785945447945
  },
  "resolution_bits_p99": {
    "mean": 15.99914255399552,
    "std": 0.06377975813731566,
    "min": 15.943234719735969,
    "max": 16.319553594060466,
    "p01": 15.943234719735969,
    "p99": 16.199785945447946
  }
}