{
  "error_mean": {
    "mean": 0.0,
    "std": 0.0,
    "min": 0.0,
    "max": 0.0,
    "p01": 0.0,
    "p99": 0.0
  },
  "error_std": {
    "mean": 0.0010316095327037467,
    "std": 4.737600108583099e-05,
    "min": 0.0009016662339017049,
    "max": 0.0010684231352831104,
    "p01": 0.0009358987371466748,
    "p99": 0.0010684231352831104
  },
  "error_max": {
    "mean": 0.0020632190654074935,
    "std": 9.475200217166198e-05,
    "min": 0.0018033324678034099,
    "max": 0.002136846270566221,
    "p01": 0.0018717974742933495,
    "p99": 0.002136846270566221
  },
  "error_p99": {
    "mean": 0.001960058112137118,
    "std": 9.001440206307884e-05,
    "min": 0.0017131658444132392,
    "max": 0.0020300039570379097,
    "p01": 0.001778207600578682,
    "p99": 0.0020300039570379097
  },
  "resolution_bits_max": {
    "mean": 16.414305466434644,
    "std": 0.06767842065438517,
    "min": 16.362154259924033,
    "max": 16.60697198009855,
    "p01": 16.362154259924033,
    "p99": 16.554178763073715
  },
  "resolution_bits_p99": {
    "mean": 16.464305466434645,
    "std": 0.06767842065438517,
    "min": 16.412154259924034,
    "max": 16.65697198009855,
    "p01": 16.412154259924034,
    "p99": 16.604178763073715
  }
}