{
  "error_mean": {
    "mean": 0.0,
    "std": 0.0,
    "min": 0.0,
    "max": 0.0,
    "p01": 0.0,
    "p99": 0.0
  },
  "error_std": {
    "mean": 0.0011614842121709077,
    "std": 0.00011871668690934208,
    "min": 0.0010013487186419346,
    "max": 0.0013081155484082532,
    "p01": 0.0010081355604802116,
    "p99": 0.0013081155484082532
  },
  "error_max": {
    "mean": 0.0023229684243418155,
    "std": 0.00023743337381868415,
    "min": 0.002002697437283869,
    "max": 0.0026162310968165063,
    "p01": 0.002016271120960423,
    "p99": 0.0026162310968165063
  },
  "error_p99": {
    "mean": 0.0022068200031247244,
    "std": 0.00022556170512775002,
    "min": 0.0019025625654196757,
    "max": 0.002485419541975681,
    "p01": 0.0019154575649124022,
    "p99": 0.002485419541975681
  },
  "resolution_bits_max": {
    "mean": 16.249289214358168,
    "std": 0.14871244539435824,
    "min": 16.070147398448707,
    "max": 16.455692902278276,
    "p01": 16.070147398448707,
    "p99": 16.4459804277179
  },
  "resolution_bits_p99": {
    "mean": 16.299289214358172,
    "std": 0.14871244539435827,
    "min": 16.120147398448708,
    "max": 16.505692902278277,
    "p01": 16.120147398448708,
    "p99": 16.495980427717896
  }
}