{
  "error_mean": {
    "mean": 0.0,
    "std": 0.0,
    "min": 0.0,
    "max": 0.0,
    "p01": 0.0,
    "p99": 0.0
  },
  "error_std": {
    "mean": 0.0008163982471649521,
    "std": 3.670505294059674e-05,
    "min": 0.0007658030519806798,
    "max": 0.0009232130399609743,
    "p01": 0.0007658030519806798,
    "p99": 0.0008934464225771614
  },
  "error_max": {
    "mean": 0.0016327964943299042,
    "std": 7.341010588119348e-05,
    "min": 0.0015316061039613595,
    "max": 0.0018464260799219486,
    "p01": 0.0015316061039613595,
    "p99": 0.0017868928451543228
  },
  "error_p99": {
    "mean": 0.001551156669613409,
    "std": 6.973960058713385e-05,
    "min": 0.0014550257987632914,
    "max": 0.0017541047759258512,
    "p01": 0.0014550257987632914,
    "p99": 0.0016975482028966067
  },
  "resolution_bits_max": {
    "mean": 16.751761533217454,
    "std": 0.06524128879668853,
    "min": 16.572901874345717,
    "max": 16.842592066058486,
    "p01": 16.620985396856703,
    "p99": 16.842592066058486
  },
  "resolution_bits_p99": {
    "mean": 16.801761533217462,
    "std": 0.06524128879668853,
    "min": 16.622901874345718,
    "max": 16.892592066058487,
    "p01": 16.6709853968567,
    "p99": 16.892592066058487
  }
}