{
  "error_mean": {
    "mean": 0.0,
    "std": 0.0,
    "min": 0.0,
    "max": 0.0,
    "p01": 0.0,
    "p99": 0.0
  },
  "error_std": {
    "mean": 0.001,
    "std": 0.0,
    "min": 0.001,
    "max": 0.001,
    "p01": 0.001,
    "p99": 0.001
  },
  "error_max": {
    "mean": 0.002,
    "std": 0.0,
    "min": 0.002,
    "max": 0.002,
    "p01": 0.002,
    "p99": 0.002
  },
  "error_p99": {
    "mean": 0.0019,
    "std": 0.0,
    "min": 0.0019,
    "max": 0.0019,
    "p01": 0.0019,
    "p99": 0.0019
  },
  "resolution_bits_max": {
    "mean": 16.457637380991763,
    "std": 0.0,
    "min": 16.457637380991763,
    "max": 16.457637380991763,
    "p01": 16.457637380991763,
    "p99": 16.457637380991763
  },
  "resolution_bits_p99": {
    "mean": 16.507637380991767,
    "std": 3.552713678800501e-15,
    "min": 16.507637380991763,
    "max": 16.507637380991763,
    "p01": 16.507637380991763,
    "p99": 16.507637380991763
  }
}