{
  "error_mean": {
    "mean": 0.0,
    "std": 0.0,
    "min": 0.0,
    "max": 0.0,
    "p01": 0.0,
    "p99": 0.0
  },
  "error_std": {
    "mean": 0.0010776195661648118,
    "std": 2.437026292271036e-05,
    "min": 0.0010105052278463254,
    "max": 0.001109771046812747,
    "p01": 0.0010323168472812058,
    "p99": 0.001109771046812747
  },
  "error_max": {
    "mean": 0.0021552391323296236,
    "std": 4.874052584542072e-05,
    "min": 0.002021010455692651,
    "max": 0.002219542093625494,
    "p01": 0.0020646336945624117,
    "p99": 0.002219542093625494
  },
  "error_p99": {
    "mean": 0.002047477175713142,
    "std": 4.630349955314965e-05,
    "min": 0.0019199599329080181,
    "max": 0.0021085649889442193,
    "p01": 0.001961402009834291,
    "p99": 0.0021085649889442193
  },
  "resolution_bits_max": {
    "mean": 16.35015844221861,
    "std": 0.03263370742772041,
    "min": 16.307375311351556,
    "max": 16.44256059547554,
    "p01": 16.307375311351556,
    "p99": 16.412073638711853
  },
  "resolution_bits_p99": {
    "mean": 16.40015844221861,
    "std": 0.03263370742772041,
    "min": 16.357375311351557,
    "max": 16.492560595475542,
    "p01": 16.357375311351557,
    "p99": 16.462073638711857
  }
}